ID,Stock number,Artist,Title,Year,Dimensions,Main image URL (medium),Retail Price,Image,New Price
239,269,Patricia Qualls,Layers and Layers of Our History,2020,"48 x 36 in
121.9 x 91.4 cm",https://datastore.artlogic.net/patriciaquallsgallery/images/view/medium/10dbfb787834d61d5979b15067ea5680j.jpg,5500,,6999
238,268,Patricia Qualls,"Sacred Weaving of Democracy: Century after Century, Decade after Decade, Day by Day",2020,"96 x 60 in
243.8 x 152.4 cm",https://datastore.artlogic.net/patriciaquallsgallery/images/view/medium/3c257aeb526a0203b887cbe85b2e9afcj.jpg,25000,,34999
237,267,Patricia Qualls,California Grace,2020,"36 x 30 in
91.4 x 76.2 cm",https://datastore.artlogic.net/patriciaquallsgallery/images/view/medium/866951c50f4fae19111ee7c9de2e9425j.jpg,3500,,3999
236,266,Patricia Qualls,,2020,78 x 60 in,https://datastore.artlogic.net/patriciaquallsgallery/images/view/medium/77a9a8595537c44fadc764bdf7c49866j.jpg,14500,,17999
235,265,Patricia Qualls,Carmel Mist,2015,"40 x 40 in
101.6 x 101.6 cm",https://datastore.artlogic.net/patriciaquallsgallery/images/view/medium/f13d1f9d4ab40cd6e301e20bbe02abc0j.jpg,6000,,6999
234,264,Patricia Qualls,Carmel Blessings,2020,"48 x 48 in
121.9 x 121.9 cm",https://datastore.artlogic.net/patriciaquallsgallery/images/view/medium/5931325c58c4c587050bc8aa87b5b42aj.jpg,10000,,11999
233,263,Patricia Qualls,Too Much to Say,2020,"84 x 60 in
213.4 x 152.4 cm",https://datastore.artlogic.net/patriciaquallsgallery/images/view/medium/36dae1a5ea95b612aa6984928a8e2c56j.jpg,14000,,16999
232,EC-4,Emerson Christie,California Bliss,2020,"30 x 40 in
76.2 x 101.6 cm",https://datastore.artlogic.net/patriciaquallsgallery/images/view/medium/9fdfae23e06ddc95bd4e538d5f2e6682j.jpg,3900,,4999
231,EC-3,Emerson Christie,Capricious Skies,2020,"40 x 20 in
101.6 x 50.8 cm",https://datastore.artlogic.net/patriciaquallsgallery/images/view/medium/3c22c6b4104b41f1e7bbe924d3f4637ej.jpg,2500,,2999
230,EC-2,Emerson Christie,Unfettered Expression,2020,"40 x 30 in
101.6 x 76.2 cm",https://datastore.artlogic.net/patriciaquallsgallery/images/view/medium/ba44cbf509a19cd727b2e6f8a4e0028fj.jpg,3900,,4999
229,EC-1,Emerson Christie,When Angels Meet,2020,"30 x 40 in
76.2 x 101.6 cm",https://datastore.artlogic.net/patriciaquallsgallery/images/view/medium/6b12470e1ce9ecc4a72bc59c1d4e4106j.jpg,3900,,4999
228,258,Patricia Qualls,A Tranquil Space,2020,"48 x 70 in
121.9 x 177.8 cm",https://datastore.artlogic.net/patriciaquallsgallery/images/view/medium/14d7c4c8be113899647510050c33dff3j.jpg,11500,,13999
227,257,Patricia Qualls,A Place of Rest,2020,"78 x 60 in
198.1 x 152.4 cm",https://datastore.artlogic.net/patriciaquallsgallery/images/view/medium/20acf8b279c035c78315882032a6b581j.jpg,14500,,17999
226,256,Patricia Qualls,Carmel Grace,2020,"48 x 36 in
121.9 x 91.4 cm",https://datastore.artlogic.net/patriciaquallsgallery/images/view/medium/e518288e8e214a2e79cc9a35d704cedcj.jpg,6500,,7999
225,255,Patricia Qualls,Love & Blessings to Our Children,2020,"60 x 48 in
152.4 x 121.9 cm",https://datastore.artlogic.net/patriciaquallsgallery/images/view/medium/53590fe7918edb2594aa7e252a1fa60cj.jpg,10500,,12999
224,254,Patricia Qualls,Genius Series,,48 x 72 in,https://datastore.artlogic.net/patriciaquallsgallery/images/view/medium/389ca0dd2520ac9afcbba87148ba27bbj.jpg,11500,,13999
223,253,Patricia Qualls,Fauci: The Times We Live,2020,48 x 72 in ,https://datastore.artlogic.net/patriciaquallsgallery/images/view/medium/8db006bbb98e8e715a5648747f95192dj.jpg,12500,,15999
222,252,Patricia Qualls,Layers of Sacred Weavings,2019-2020,"48 x 70 in
121.9 x 177.8 cm",https://datastore.artlogic.net/patriciaquallsgallery/images/view/medium/c5589bdfe27958d3e1bae56068336b4ej.jpg,12000,,14999
221,251,Patricia Qualls,Labyrinth of Life,2019,20 x 40 in,https://datastore.artlogic.net/patriciaquallsgallery/images/view/medium/791ade711342d27a4d0589ff2a13f976j.jpg,2900,,3999
220,,Patricia Qualls,Commission (Companion Piece),2020,48 x 48 in,,7600,,9129
218,,Patricia Qualls,Commission (Triptych Sticks),2020,,,12000,,14499
217,,Patricia Qualls,Commission (Passages/Love Heals),2020,,,14500,,17499
216,,Patricia Qualls,Commission (Blessings to Children),2020,,,12500,,15099
215,250,Patricia Qualls,Lovingly Tending to the Future,2020,"40 x 24 in
101.6 x 61 cm",https://datastore.artlogic.net/patriciaquallsgallery/images/view/medium/a25305680b4135082876d41d1ef37e4ej.jpg,4000,,4999
214,249,Patricia Qualls,Sacred Light,2020,"48 x 72 in
121.9 x 182.9 cm",https://datastore.artlogic.net/patriciaquallsgallery/images/view/medium/f5acc93560f20679b073e56eed676d39j.jpg,11000,,13999
213,,Patricia Qualls,Tending to the Future,2020,"48 x 72 in
121.9 x 182.9 cm",https://datastore.artlogic.net/patriciaquallsgallery/images/view/medium/2d754a73b8943c6abebcd4d6e80614ecj.jpg,12000,,14999
210,248,Patricia Qualls,Good Rises,2020,"48 x 72 in
121.9 x 182.9 cm",https://datastore.artlogic.net/patriciaquallsgallery/images/view/medium/5943ed9aa0697d10ab15da5765801c0dj.jpg,12000,,14999
208,246,Patricia Qualls,Earth's Gems,2018,"96 x 8 x 3 in
243.8 x 20.3 x 7.6 cm",https://datastore.artlogic.net/patriciaquallsgallery/images/view/medium/9a170f9991ba143f15a708407eccc9afj.jpg,4500,,5999
207,245,Patricia Qualls,Reading Between the Lines,2008,"60 x 48 in
152.4 x 121.9 cm",https://datastore.artlogic.net/patriciaquallsgallery/images/view/medium/cf36c856681c14e0e87805c15d917dc5j.jpg,9000,,10999
206,244,Patricia Qualls,Freedom Series: New Beginnings,2009,"120 x 43 in
304.8 x 109.2 cm",https://datastore.artlogic.net/patriciaquallsgallery/images/view/medium/3aab67c89cc0e24015feb2227aaecad7p.png,19000,,22999
205,243,Patricia Qualls,Heaven Sent (Giclee),2018,"48 x 72 in
121.9 x 182.9 cm",https://datastore.artlogic.net/patriciaquallsgallery/images/view/medium/32068b1a91461fd3cc5565bbf34e01b5j.jpg,18000,,21999
204,242,Patricia Qualls,Weavings of Healing Light,2020,"72 x 48 in
182.9 x 121.9 cm",https://datastore.artlogic.net/patriciaquallsgallery/images/view/medium/6b0bf287cf330bc416007ce9ac635b33j.jpg,9500,,11999
203,241,Patricia Qualls,Social Distance Love,2020,"60 x 60 in
152.4 x 152.4 cm",https://datastore.artlogic.net/patriciaquallsgallery/images/view/medium/41a26cfa0c9a1b56a1390a95fccfb9f6j.jpg,9500,,11999
202,240,Patricia Qualls,Going Deep,,"48 x 24 in
121.9 x 61 cm",https://datastore.artlogic.net/patriciaquallsgallery/images/view/medium/7704a4af32c42b866e25a5f99d7721e7j.jpg,4900,,5999
201,239,Patricia Qualls,Reflections,2020,"24 x 18 in
61 x 45.7 cm",https://datastore.artlogic.net/patriciaquallsgallery/images/view/medium/7e35a4ca409832c4b05f52211baa4310j.jpg,3900,,4999
200,238,Patricia Qualls,The Heart Sings When Heaven Speaks,2020,"60 x 36 in
152.4 x 91.4 cm",https://datastore.artlogic.net/patriciaquallsgallery/images/view/medium/b3d3a1cb371c72a373d071a953669accj.jpg,8500,,9999
193,236,Patricia Qualls,Presence Series,,72 x 48 in,https://datastore.artlogic.net/patriciaquallsgallery/images/view/medium/adaece8d963d00e26ceca4228a891546j.jpg,11500,,14999
192,235,Patricia Qualls,Energy of Healing,2020,"48 x 60 in
121.9 x 152.4 cm",https://datastore.artlogic.net/patriciaquallsgallery/images/view/medium/b58b5170f513663f246a4f1c09acea81j.jpg,9500,,11999
191,234,Patricia Qualls,The Places We Grow,2020,"30 x 70 in
76.2 x 177.8 cm",https://datastore.artlogic.net/patriciaquallsgallery/images/view/medium/0d9362ad5e2b33a376c61619af1a1360j.jpg,7900,,9999
190,233,Patricia Qualls,Finding True North,2020,"72 x 108 in
182.9 x 274.3 cm",https://datastore.artlogic.net/patriciaquallsgallery/images/view/medium/c95701d0f07c0de4d5ff521b00118c9ej.jpg,18500,,24999
189,232,Patricia Qualls,Transforming Energy,2020,"30 x 36 in
76.2 x 91.4 cm",https://datastore.artlogic.net/patriciaquallsgallery/images/view/medium/b4b9fc0fc8465a593aa91c3b1248c41cj.jpg,5000,,5999
188,231,Patricia Qualls,As Nature Heals,2020,"24 x 40 in
61 x 101.6 cm",https://datastore.artlogic.net/patriciaquallsgallery/images/view/medium/0b36c70b484e6085bf394fd7711ac2baj.jpg,4500,,5999
187,230,Patricia Qualls,California Love & Light,2019,"48 x 48 in
121.9 x 121.9 cm",https://datastore.artlogic.net/patriciaquallsgallery/images/view/medium/aaf146416fd5ea2cf769c763342fd419j.jpg,8500,,9999
186,229,Patricia Qualls,Carmel Point Love,2020,"48 x 48 in
121.9 x 121.9 cm",https://datastore.artlogic.net/patriciaquallsgallery/images/view/medium/74315334f697acd274c7da19696f0ef1j.jpg,5000,,5999
183,227,Patricia Qualls,California Dream II,2020,"48 x 72 in
121.9 x 182.9 cm",https://datastore.artlogic.net/patriciaquallsgallery/images/view/medium/85a35748223862470de7348b55855e73j.jpg,12500,,14999
181,226,Patricia Qualls,Emerging Love,2020,"40 x 30 in
101.6 x 76.2 cm",https://datastore.artlogic.net/patriciaquallsgallery/images/view/medium/880259fef9cf4a0b7f86884c97d7e02aj.jpg,4000,,4999
180,225,Patricia Qualls,Seascape Commission,2020,"48 x 48 in
121.9 x 121.9 cm",,5000,,5999
179,224,Patricia Qualls,Seascape,2019,"8 x 60 in
20.3 x 152.4 cm",https://datastore.artlogic.net/patriciaquallsgallery/images/view/medium/75f457db36e323017601e5314f21ed6fj.jpg,1000,,1199
178,223,Patricia Qualls,California Coast,,"30 x 70 in
76.2 x 177.8 cm",https://datastore.artlogic.net/patriciaquallsgallery/images/view/medium/38d66517f838809f9a016e296e5c3084j.jpg,6800,,8999
176,221,Patricia Qualls,Valley of Tranquility,2020,"48 x 36 in
121.9 x 91.4 cm",https://datastore.artlogic.net/patriciaquallsgallery/images/view/medium/edb626f3371410a1c42ad06341b61f99j.jpg,5900,,6999
175,220,Patricia Qualls,Change is in the Air,2020,"47 x 69 in
119.4 x 175.3 cm",https://datastore.artlogic.net/patriciaquallsgallery/images/view/medium/3c0b7aa5aaad7472d3a661bdd7787d44j.jpg,9500,,12999
174,219,Patricia Qualls,Carmel Light,2019,48 x 60 in,https://datastore.artlogic.net/patriciaquallsgallery/images/view/medium/2c3565c250730b2910cd478f0026c5f6j.jpg,9500,,11999
173,218,Patricia Qualls,Healing Presence,2020,"60 x 60 in
152.4 x 152.4 cm",https://datastore.artlogic.net/patriciaquallsgallery/images/view/medium/5500cc8561c23d778c01847182d8bb19j.jpg,11000,,13999
172,217,Patricia Qualls,Weaving Together,2019,"96 x 60 x 2 1/2 in
243.8 x 152.4 x 6.3 cm",https://datastore.artlogic.net/patriciaquallsgallery/images/view/medium/d054b3e36cb2f2c418e7d56be8805234j.jpg,17500,,20999
171,216,Patricia Qualls,Carmel Seascape,2020,"40 x 40 in
101.6 x 101.6 cm",https://datastore.artlogic.net/patriciaquallsgallery/images/view/medium/8da61de344ea7356b5b87384d9185927j.jpg,5000,,5999
170,215,Patricia Qualls,Seascape,2020,"40 x 40 in
101.6 x 101.6 cm",https://datastore.artlogic.net/patriciaquallsgallery/images/view/medium/949b72d02066e1e0b6044786903ce288j.jpg,5000,,5999
169,,,Seascape,2019,"48 x 36 x 2 1/2 in
121.9 x 91.4 x 6.3 cm",https://datastore.artlogic.net/patriciaquallsgallery/images/view/medium/aadc01113c79c42faa218ccf94b5d5a5j.jpg,5500,,6999
168,214,Patricia Qualls,Loving Witness III,2020,"36 x 60 x 1 1/2 in
91.4 x 152.4 x 3.8 cm",https://datastore.artlogic.net/patriciaquallsgallery/images/view/medium/0ba25d59740762b00e60675c2953f3c7j.jpg,8500,,10999
167,213,Patricia Qualls,7 Dimensions of Heaven,2020,"36 x 60 x 1 1/2 in
91.4 x 152.4 x 3.8 cm",https://datastore.artlogic.net/patriciaquallsgallery/images/view/medium/2aff2e1ae07f6565f7988388235eace9j.jpg,9500,,10999
166,212,Patricia Qualls,More Shall be Revealed,2020,"28 x 22 in
71.1 x 55.9 cm",https://datastore.artlogic.net/patriciaquallsgallery/images/view/medium/a31ccb4c79b396d1a55e0b895db8e870j.jpg,3500,,4999
165,211,Patricia Qualls,Loving Witness IV,2020,"48 x 60 x 2 1/2 in
121.9 x 152.4 x 6.3 cm",https://datastore.artlogic.net/patriciaquallsgallery/images/view/medium/8775efd0cb8b1a1dcf08c5d87f46bb73j.jpg,11000,,13999
164,210,Patricia Qualls,Open Mind Open Heart,2020,"24 x 40 x 1 1/2 in
61 x 101.6 x 3.8 cm",https://datastore.artlogic.net/patriciaquallsgallery/images/view/medium/2897c69cb5de79300157ece6a5d6a55bj.jpg,6000,,6999
163,209,Patricia Qualls,Weaving Light,2020,"24 x 48 x 1 1/2 in
61 x 121.9 x 3.8 cm",https://datastore.artlogic.net/patriciaquallsgallery/images/view/medium/8032ad804eb3dce51f9aaa080918ecadj.jpg,4500,,5999
162,208,Patricia Qualls,Genius Series,2015,"40 x 30 x 1 1/2 in
101.6 x 76.2 x 3.8 cm",https://datastore.artlogic.net/patriciaquallsgallery/images/view/medium/9cb54bab23e0fef865f90906c1881332j.jpg,5500,,6999
161,207,Patricia Qualls,Spring Freedom,2018,"36 x 36 x 2 1/2 in
91.4 x 91.4 x 6.3 cm",https://datastore.artlogic.net/patriciaquallsgallery/images/view/medium/322ed38b79ea7dcdf431a6e2af93534aj.jpg,5000,,5999
160,206,Patricia Qualls,Windows,2009,"36 x 24 x 2 1/2 in
91.4 x 61 x 6.3 cm",https://datastore.artlogic.net/patriciaquallsgallery/images/view/medium/9f19fb948da5daa9becaa138cd1abbabj.jpg,4500,,5999
159,205,Patricia Qualls,Clarity,2007,"60 x 60 x 2 1/2 in
152.4 x 152.4 x 6.3 cm",https://datastore.artlogic.net/patriciaquallsgallery/images/view/medium/3e4cce794faffcad136c39aa0b9ca366j.jpg,11500,,13999
158,204,Patricia Qualls,Bursting with Freedom,2010,"45 x 68 x 2 1/2 in
114.3 x 172.7 x 6.3 cm",https://datastore.artlogic.net/patriciaquallsgallery/images/view/medium/a45f0d25ee960b95d71fb7b2ab43d94dj.jpg,14000,,16999
157,203,Patricia Qualls,Energy of Life Presence,2017,"72 x 96 in
182.9 x 243.8 cm",https://datastore.artlogic.net/patriciaquallsgallery/images/view/medium/dc4e60128bec9c32fbadf5c40ae67a85j.jpg,19000,,24999
156,202,Patricia Qualls,Jerusalem,2009,"48 x 24 in
121.9 x 61 cm",https://datastore.artlogic.net/patriciaquallsgallery/images/view/medium/7a98e60f84f59d38e9c28d602b828acbj.jpg,4900,,5999
155,201,Patricia Qualls,Where We Grow ,2017,"36 x 48 in
91.4 x 121.9 cm",https://datastore.artlogic.net/patriciaquallsgallery/images/view/medium/607396385f2868ad6c53d57b719f6ce2j.jpg,6400,,7999
154,200,Patricia Qualls,Love Heals Series,2019,"80 x 60 in
203.2 x 152.4 cm",https://datastore.artlogic.net/patriciaquallsgallery/images/view/medium/9d155eb9f9154ddf5ec2d400bb427326j.jpg,14000,,16999
152,198,Patricia Qualls,Point Lobos,2018,"60 x 36 x 2 1/4 in
152.4 x 91.4 x 5.7 cm",https://datastore.artlogic.net/patriciaquallsgallery/images/view/medium/8499442af96e6d4a67bf59fc1b4f409ep.png,7200,,8999
149,196,Patricia Qualls,Healing Passages,2020,"30 x 70 x 2 in
76.2 x 177.8 x 5.1 cm",https://datastore.artlogic.net/patriciaquallsgallery/images/view/medium/dd612e6e9b6698dda7a9bb3f50c340c9j.jpg,8000,,9999
148,192,Patricia Qualls,Love's Arising,2020,"72 x 48 in
182.9 x 121.9 cm",https://datastore.artlogic.net/patriciaquallsgallery/images/view/medium/f3cdff6bfba5efa1e57df53ad4440a0fj.jpg,12500,,14999
147,191,Patricia Qualls,Carmel Lagoon,2020,"40 x 60 in
101.6 x 152.4 cm",https://datastore.artlogic.net/patriciaquallsgallery/images/view/medium/284c75758215934ff792ff6311b7ff9dj.jpg,7500,,9999
146,190,Patricia Qualls,Where the River Meets the Sea,2020,"40 x 60 in
101.6 x 152.4 cm",https://datastore.artlogic.net/patriciaquallsgallery/images/view/medium/a126fc3248135589fdfaa36289e90aeaj.jpg,7500,,9999
145,189,Patricia Qualls,Flow of Freedom,2020,"48 x 36 in
121.9 x 91.4 cm",,8000,,9999
1,10,Patricia Qualls,Blessings to the Children,2018,"70 x 104 in
177.8 x 264.2 cm",https://datastore.artlogic.net/patriciaquallsgallery/images/view/medium/7047c4c4d409aceaaadead49b6cf4982j.jpg,26000,,34999
81,188,Patricia Qualls,Freedom Green,2020,"60 x 48 in
152.4 x 121.9 cm",https://datastore.artlogic.net/patriciaquallsgallery/images/view/medium/6cf82a38c7b968733587817c8233da99j.jpg,10000,,11999
54,197,Patricia Qualls,Carmel River Beach Series,2017,"48 x 70 in
121.9 x 177.8 cm",https://datastore.artlogic.net/patriciaquallsgallery/images/view/medium/e41c48e914ecf7776c5182e96dd4d163j.jpg,9500,,11999
109,186,Patricia Qualls,Carmel Point - Mystical Series,2017,"36 x 60 in
91.4 x 152.4 cm",https://datastore.artlogic.net/patriciaquallsgallery/images/view/medium/3ac1335b993450ce0e4183518a211cb1j.jpg,8500,,10999
63,187,Patricia Qualls,Across the Generations,2014,"36 x 84 in
91.4 x 213.4 cm",https://datastore.artlogic.net/patriciaquallsgallery/images/view/medium/dd7454d74d5868ec5d74f76dbbef40c9j.jpg,10000,,11999
121,184,Patricia Qualls,Terrior (Diptech),2019,"96 x 24 in
243.8 x 61 cm",https://datastore.artlogic.net/patriciaquallsgallery/images/view/medium/e06f476dc6077709ef01368bc0db9e27j.jpg,7000,,8999
82,180,Patricia Qualls,Reflecting,2017,"56 x 57 in
142.2 x 144.8 cm",https://datastore.artlogic.net/patriciaquallsgallery/images/view/medium/38394ae12886d290f6ceb8852d4aadf1j.jpg,10000,,11999
42,179,Patricia Qualls,Loving Witness II,2020,"72 x 48 in
182.9 x 121.9 cm",https://datastore.artlogic.net/patriciaquallsgallery/images/view/medium/6295afbfa5bc1be4ccb3c86c16d6afa8j.jpg,12500,,14999
31,171,Patricia Qualls,City Layers,2020,"60 x 72 in
152.4 x 182.9 cm",https://datastore.artlogic.net/patriciaquallsgallery/images/view/medium/3bd42e49da9a2ee34b5fd9cecb9be2e3j.jpg,10000,,11999
16,172,Patricia Qualls,Nature (Diptych),2018,"48 x 96 in
121.9 x 243.8 cm",https://datastore.artlogic.net/patriciaquallsgallery/images/view/medium/c9e3440083ec05deed10dfd3795a1727j.jpg,14000,,16999
15,170,Patricia Qualls,Life Puzzles,2020,"60 x 84 in
152.4 x 213.4 cm",https://datastore.artlogic.net/patriciaquallsgallery/images/view/medium/33531c23a4a56ab6dbb80d5d50d2de46j.jpg,16000,,19999
144,167,Patricia Qualls,The World is Changing (Diptych),2020,"75 x 90 in
190.5 x 228.6 cm",https://datastore.artlogic.net/patriciaquallsgallery/images/view/medium/44e14495db461b82d4b36dda845aacd5j.jpg,15900,,19999
134,168,Patricia Qualls,A Woman's Wisdom,2020,"30 x 40 in
76.2 x 101.6 cm",https://datastore.artlogic.net/patriciaquallsgallery/images/view/medium/f76fb4a61f2e9aa94001dc7d538e0c05j.jpg,4000,,4999
122,161,Patricia Qualls,Run the Experiment,2020,"48 x 36 in
121.9 x 91.4 cm",https://datastore.artlogic.net/patriciaquallsgallery/images/view/medium/beff5f154e2a85203f11c9a5f6676988j.jpg,6000,,7999
113,164,Patricia Qualls,Freedom Series,2009,"48 x 36 in
121.9 x 91.4 cm",https://datastore.artlogic.net/patriciaquallsgallery/images/view/medium/f65c68473b674b3a8f5517a1dcc8af22j.jpg,9000,,10999
104,165,Patricia Qualls,Being Here,2020,"48 x 48 x 1 1/2 in
121.9 x 121.9 x 3.8 cm",https://datastore.artlogic.net/patriciaquallsgallery/images/view/medium/77d97c13911cb09d70d354092647b912j.jpg,9000,,10999
101,166,Patricia Qualls,More Shall be Revealed,2010 - 2014,"48 x 48 in
121.9 x 121.9 cm",https://datastore.artlogic.net/patriciaquallsgallery/images/view/medium/0fdc4c3b6943cc360f91878e4e846c59j.jpg,9500,,11999
77,158,Patricia Qualls,The Dance of Freedom,2017,"84 x 42 in
213.4 x 106.7 cm",https://datastore.artlogic.net/patriciaquallsgallery/images/view/medium/f4f5207d70d29e9ba59736f822e1d216j.jpg,11000,,13999
65,159,Patricia Qualls,Living with an Open Heart,2020,"60 x 48 in
152.4 x 121.9 cm",https://datastore.artlogic.net/patriciaquallsgallery/images/view/medium/872b4a21f0a22b9fce9ba36dc59c0d77j.jpg,10000,,11999
23,163,Patricia Qualls,Destiny Calls,2019/2020,"78 x 60 in
198.1 x 152.4 cm",https://datastore.artlogic.net/patriciaquallsgallery/images/view/medium/024751ba04fe251ebb2068f5aa551d5aj.jpg,15000,,17999
22,162,Patricia Qualls,Life Chapters II,2020,"60 x 78 in
152.4 x 198.1 cm",https://datastore.artlogic.net/patriciaquallsgallery/images/view/medium/93e235cef37b56d95bfb79bb969bdb5fj.jpg,15000,,17999
21,160,Patricia Qualls,Emergent Joy,2020,"78 x 60 x 2 1/2 in
198.1 x 152.4 x 6.3 cm",https://datastore.artlogic.net/patriciaquallsgallery/images/view/medium/99f136cec4fbdaffe8828b4acd383c7bj.jpg,15000,,17999
7,141,Patricia Qualls,We May  See Things Differently,2015,"108 x 46 in
274.3 x 116.8 cm",https://datastore.artlogic.net/patriciaquallsgallery/images/view/medium/3fe6528889b2c6d9353bea10187a4077j.jpg,16500,,19999
62,136,Patricia Qualls,Carmel Valley Stories #3,2019,"48 x 70 in
121.9 x 177.8 cm",https://datastore.artlogic.net/patriciaquallsgallery/images/view/medium/7427a49a53e60c1b8d6c0785e5a65ee5j.jpg,11000,,13999
136,135,Patricia Qualls,Love You to the Sun & Moon,2019  (Sold),"12 x 48 in
30.5 x 121.9 cm",https://datastore.artlogic.net/patriciaquallsgallery/images/view/medium/b5e65c0d92317789f44eb3362beaedebj.jpg,1900,,2999
93,134,Patricia Qualls,Graceful Connections,2019,"54 x 54 in
137.2 x 137.2 cm",https://datastore.artlogic.net/patriciaquallsgallery/images/view/medium/47823f03a127c47a2fd2e654f2fc447aj.jpg,9500,,12999
44,133,Patricia Qualls,Watershed Moments II,2019,"72 x 48 in
182.9 x 121.9 cm",https://datastore.artlogic.net/patriciaquallsgallery/images/view/medium/69af73f0a8d2f9435f9d934bb05139e2j.jpg,12500,,14999
135,119,Patricia Qualls,Love Heals  V,2019,"36 x 12 in
91.4 x 30.5 cm",https://datastore.artlogic.net/patriciaquallsgallery/images/view/medium/a3799c212f6331ac52d0d3370b6d8044j.jpg,2500,,2999
133,121,Patricia Qualls,Seascape,2019,"30 x 36 in
76.2 x 91.4 cm",https://datastore.artlogic.net/patriciaquallsgallery/images/view/medium/79151c4d9d00882661f035ba318fddfbj.jpg,5000,,5999
120,130,Patricia Qualls,Terrior,2019,"96 x 24 in
243.8 x 61 cm",https://datastore.artlogic.net/patriciaquallsgallery/images/view/medium/e06f476dc6077709ef01368bc0db9e27j.jpg,7000,,8999
114,120,Patricia Qualls,Across the Generations,2019,"48 x 24 in
121.9 x 61 cm",https://datastore.artlogic.net/patriciaquallsgallery/images/view/medium/b0c921440e9a3686eb2f5d9ba01e0ddaj.jpg,4500,,5999
108,116,Patricia Qualls,Terroir Series,2019,"50 x 40 in
127 x 101.6 cm",https://datastore.artlogic.net/patriciaquallsgallery/images/view/medium/2484c0291680e4bda94215524ef87e44j.jpg,6500,,7999
105,113,Patricia Qualls,Take A Breath,2019,"60 x 42 in
152.4 x 106.7 cm",https://datastore.artlogic.net/patriciaquallsgallery/images/view/medium/a0d928145810b6fd0b1e0496615b2a86j.jpg,9500,,11999
86,115,Patricia Qualls,Sacred Space,2019,"48 x 60 in
121.9 x 152.4 cm",https://datastore.artlogic.net/patriciaquallsgallery/images/view/medium/21ad27c295e2cc32e48e626f5911d129j.jpg,9500,,11999
80,125,Patricia Qualls,Untitled,2019,"60 x 40 in
152.4 x 101.6 cm",https://datastore.artlogic.net/patriciaquallsgallery/images/view/medium/f5935458efbdffb4d8e1bd79686c9b5aj.jpg,7600,,9999
79,123,Patricia Qualls,Terroir Series,2019,"48 x 72 in
121.9 x 182.9 cm",https://datastore.artlogic.net/patriciaquallsgallery/images/view/medium/d6efc498123583c8692829f162a60acbj.jpg,10000,,11999
78,122,Patricia Qualls,Seascape,2019,"48 x 60 in
121.9 x 152.4 cm",https://datastore.artlogic.net/patriciaquallsgallery/images/view/medium/ff67d09286528ec18b968074f29f5379j.jpg,9500,,11999
60,126,Patricia Qualls,Seascape,2019,"48 x 72 in
121.9 x 182.9 cm",https://datastore.artlogic.net/patriciaquallsgallery/images/view/medium/01873d7c9037cfd0cfd754fb5209ba29j.jpg,10000,,11999
53,127,Patricia Qualls,Love Heals VI,2019,"72 x 48 in
182.9 x 121.9 cm",https://datastore.artlogic.net/patriciaquallsgallery/images/view/medium/cf8a86ed5fec64efff1d603c7943151dj.jpg,10000,,11999
52,112,Patricia Qualls,Precious Weavings II,2019,"72 x 48 in
182.9 x 121.9 cm",https://datastore.artlogic.net/patriciaquallsgallery/images/view/medium/62a5801429f2c2d0facb792e9b68ab68j.jpg,12500,,14999
12,124,Patricia Qualls,Terrior Series,2018,"78 x 60 in
198.1 x 152.4 cm",https://datastore.artlogic.net/patriciaquallsgallery/images/view/medium/39011165d775b0ea789df94d45ff8e4bj.jpg,16500,,19999
4,107,Patricia Qualls,Watershed Moments IV,2019,"100 x 50 in
254 x 127 cm",https://datastore.artlogic.net/patriciaquallsgallery/images/view/medium/7b6b3a632de4bfc49f1dec538f4243b0j.jpg,17500,,22999
138,103,Patricia Qualls,Valley Grace (Giclee),2019,"40 x 30 in
101.6 x 76.2 cm",https://datastore.artlogic.net/patriciaquallsgallery/images/view/medium/1687cef77a6781d8e7a520ad5a6660caj.jpg,1000,,1199
137,102,Patricia Qualls,Passages  (Giclee),2019,"36 x 36 in
91.4 x 91.4 cm",https://datastore.artlogic.net/patriciaquallsgallery/images/view/medium/6be860cd84ffb5bb2f39ba71cb0a0ffbj.jpg,1000,,1199
85,100,Patricia Qualls,Living with an Open Heart,2017,"36 x 60 in
91.4 x 152.4 cm",https://datastore.artlogic.net/patriciaquallsgallery/images/view/medium/d4c897d623794ef995f6cd688307fc57j.jpg,8500,,10999
45,91,Patricia Qualls,Heaven Sent,2018,"48 x 72 in
121.9 x 182.9 cm",https://datastore.artlogic.net/patriciaquallsgallery/images/view/medium/32068b1a91461fd3cc5565bbf34e01b5j.jpg,11000,,13999
41,92,Patricia Qualls,Angel and the Chalice,2016,"48 x 72 in
121.9 x 182.9 cm",https://datastore.artlogic.net/patriciaquallsgallery/images/view/medium/9e74d055acaefb95bf47541065edbd88j.jpg,11500,,13999
140,90,Patricia Qualls,Untitled By McGrady,1970,"73 1/2 x 24 in
186.7 x 61 cm",https://datastore.artlogic.net/patriciaquallsgallery/images/view/medium/068a18063a798d35c669a06cd684cab3j.jpg,0,,99
30,89,Patricia Qualls,Outside the Box Thinkers II,2017,"72 x 60 in
182.9 x 152.4 cm",https://datastore.artlogic.net/patriciaquallsgallery/images/view/medium/939045b6afdb3f6d9a4533f258549fc0j.jpg,14000,,16999
83,86,Patricia Qualls,Connections,2019,"36 x 72 in
91.4 x 182.9 cm",https://datastore.artlogic.net/patriciaquallsgallery/images/view/medium/947f85881787b884fafe804017082357j.jpg,8000,,9999
61,84,Patricia Qualls,A Gentle Breath,2019,"54 x 54 in
137.2 x 137.2 cm",https://datastore.artlogic.net/patriciaquallsgallery/images/view/medium/2ad0ed7d5a3e9f03ee11042f0d2607a5j.jpg,10500,,12999
59,81,Patricia Qualls,Love is Here,2013,"72 x 48 in
182.9 x 121.9 cm",https://datastore.artlogic.net/patriciaquallsgallery/images/view/medium/b19a4b0b160e213074c295c1c862d2edj.jpg,12500,,14999
39,85,Patricia Qualls,Big Beautiful Heart,2019,"48 x 72 in
121.9 x 182.9 cm",https://datastore.artlogic.net/patriciaquallsgallery/images/view/medium/5c8380fe109066f1aabcd79ed659a298j.jpg,12500,,14999
14,83,Patricia Qualls,Presence Series,2017,"71 x 66 in
180.3 x 167.6 cm",https://datastore.artlogic.net/patriciaquallsgallery/images/view/medium/258ddeeeef62f674ce1b8453c254157dj.jpg,16000,,19999
115,80,Patricia Qualls,"Muted Peach, Sold",2019,"54 x 54 in
137.2 x 137.2 cm",https://datastore.artlogic.net/patriciaquallsgallery/images/view/medium/421ca55a7951a0d7841043a8afcd6514j.jpg,7500,,9999
107,79,Patricia Qualls,Seeking Truth,2019,"96 x 24 in
243.8 x 61 cm",https://datastore.artlogic.net/patriciaquallsgallery/images/view/medium/3a77d8d3c518e3dc5723a10e9084f173j.jpg,6500,,7999
8,78,Patricia Qualls,Crossing the Great Divide,2011,"91 x 55 in
231.1 x 139.7 cm",https://datastore.artlogic.net/patriciaquallsgallery/images/view/medium/c85a74c1bdd10bb66321ff84c1dee9d8j.jpg,16000,,19999
32,77,Patricia Qualls,Labyrinth,2018,"96 x 48 in
243.8 x 121.9 cm",https://datastore.artlogic.net/patriciaquallsgallery/images/view/medium/815f383765f6a0de38e36d0d727843a0j.jpg,13800,,16999
28,76,Patricia Qualls,Outside the Box Thinkers at Play,2017,"100 x 50 in
254 x 127 cm",https://datastore.artlogic.net/patriciaquallsgallery/images/view/medium/785b72884d5be8b1ec3d8cc8d99275d1j.jpg,14000,,17999
24,75,Patricia Qualls,Untitled,2019,"93 x 66 in
236.2 x 167.6 cm",https://datastore.artlogic.net/patriciaquallsgallery/images/view/medium/36b86d78b627c3fe758f3235b1d7bd53j.jpg,15000,,21999
6,74,Patricia Qualls,Untitled,2016,"72 x 108 in
182.9 x 274.3 cm",https://datastore.artlogic.net/patriciaquallsgallery/images/view/medium/5bd593467d2cd2dc8dd39801b39e154aj.jpg,18400,,24999
130,62,Patricia Qualls,Mystical Morning,2017,"36 x 36 in
91.4 x 91.4 cm",https://datastore.artlogic.net/patriciaquallsgallery/images/view/medium/a281c6023688dc9d520232bdb84dce2ej.jpg,6500,,7999
129,59,Patricia Qualls,Peaceful Night,2019,"40 x 30 in
height 101.6 cm",https://datastore.artlogic.net/patriciaquallsgallery/images/view/medium/15d990cb63a1c519856300e08d48966cj.jpg,5200,,6999
117,69,Patricia Qualls,Terroir,2019,"40 x 40 in
101.6 x 101.6 cm",https://datastore.artlogic.net/patriciaquallsgallery/images/view/medium/fa78c304d7caf3ebea9ce95fd9d7ae7dj.jpg,7500,,9999
116,68,Patricia Qualls,Subtle Chapters,2017,"24 x 60 in
61 x 152.4 cm",https://datastore.artlogic.net/patriciaquallsgallery/images/view/medium/11d315e7afe4358fbcefe6c0f9055b8fj.jpg,6500,,7999
90,61,Patricia Qualls,Mystical Day,2017,"48 x 48 in
121.9 x 121.9 cm",https://datastore.artlogic.net/patriciaquallsgallery/images/view/medium/2020ecc18883af334b4b97f30fbf81c3j.jpg,8500,,9999
87,67,Patricia Qualls,Where the Valley Meets the Sea - Sold,2018,"60 x 48 in
152.4 x 121.9 cm",https://datastore.artlogic.net/patriciaquallsgallery/images/view/medium/859dcd8613a6915ce399181df8c0996cj.jpg,10000,,11999
51,71,Patricia Qualls,Untitled,2018,"48 x 72 in
121.9 x 182.9 cm",https://datastore.artlogic.net/patriciaquallsgallery/images/view/medium/54d6b762bfe9c93f724be9606392616aj.jpg,12500,,19999
49,60,Patricia Qualls,Carmel River Beach Series,2016,"48 x 72 in
121.9 x 182.9 cm",https://datastore.artlogic.net/patriciaquallsgallery/images/view/medium/684bf5d01777cdd64c83e2ece6bb160dj.jpg,10000,,12999
48,66,Patricia Qualls,Love Heals,2019,"72 x 48 in
182.9 x 121.9 cm",https://datastore.artlogic.net/patriciaquallsgallery/images/view/medium/034acd17b9878b81f6d8009832e06e8fj.jpg,12500,,15999
47,65,Patricia Qualls,Seascape,2016,"48 x 72 in
121.9 x 182.9 cm",https://datastore.artlogic.net/patriciaquallsgallery/images/view/medium/5364af097dcd1bbb5604c8a1bd79f83dj.jpg,10000,,11999
46,63,Patricia Qualls,Presence,2016,"60 x 60 in
152.4 x 152.4 cm",https://datastore.artlogic.net/patriciaquallsgallery/images/view/medium/555eab58d9dec86b3a168626174503d8j.jpg,12500,,15999
17,72,Patricia Qualls,When the Heavens Open,2017-Sold,"60 x 96 in
152.4 x 243.8 cm",https://datastore.artlogic.net/patriciaquallsgallery/images/view/medium/2f3c98059f413bde073c302026cd36d5j.jpg,15000,,17999
128,52,Patricia Qualls,Purple Haze-Sold,2017,"24 x 48 in
61 x 121.9 cm",https://datastore.artlogic.net/patriciaquallsgallery/images/view/medium/e2bdfea6cdaedaaf0da0d2c4eddeee62j.jpg,6500,,7999
126,40,Patricia Qualls,Stillness,2017,"30 x 40 in
76.2 x 101.6 cm",https://datastore.artlogic.net/patriciaquallsgallery/images/view/medium/b8a570e42d8b3127ebf4a4c46ce664aej.jpg,4900,,5999
110,38,Patricia Qualls,Our Roots,2017,"48 x 48 in
121.9 x 121.9 cm",https://datastore.artlogic.net/patriciaquallsgallery/images/view/medium/d43fdfb28f16c460a902258b60ded43bj.jpg,9500,,11999
106,56,Patricia Qualls,Sweet Mysteries-Sold,2018,"36 x 60 in
91.4 x 152.4 cm",https://datastore.artlogic.net/patriciaquallsgallery/images/view/medium/881f8ea761e89d068c6b5a496c5f6167j.jpg,9000,,11999
99,39,Patricia Qualls,Water Prana,2017,"48 x 48 in
121.9 x 121.9 cm",https://datastore.artlogic.net/patriciaquallsgallery/images/view/medium/cb7ab2d8c623e1aa928ca2dbee8f274cj.jpg,8500,,10999
98,48,Patricia Qualls,Possibilities-Sold,2015,"48 x 48 in
121.9 x 121.9 cm",https://datastore.artlogic.net/patriciaquallsgallery/images/view/medium/666a44cbc0aa0b3e54dea0d3c049ad8cj.jpg,9500,,11999
97,58,Patricia Qualls,High Heavens -Sold,2012&13,"60 x 48 in
152.4 x 121.9 cm",https://datastore.artlogic.net/patriciaquallsgallery/images/view/medium/cf32b4858cd84fd9b90fa9b1c6114845j.jpg,9500,,11999
89,53,Patricia Qualls,Genius Series,,"54 x 48 in
137.2 x 121.9 cm",https://datastore.artlogic.net/patriciaquallsgallery/images/view/medium/5e3b7d66c7fccf50fc70642e917ffd82j.jpg,9500,,11999
88,43,Patricia Qualls,Stillness before the Storm,2018,"48 x 48 in
121.9 x 121.9 cm",https://datastore.artlogic.net/patriciaquallsgallery/images/view/medium/ba46c362bac1116cbe27fe2dc74fd983j.jpg,9500,,11999
76,47,Patricia Qualls,Passages,2018,"60 x 48 in
152.4 x 121.9 cm",https://datastore.artlogic.net/patriciaquallsgallery/images/view/medium/74ccea953666f756ac53bbb00ddb2217j.jpg,9500,,11999
75,51,Patricia Qualls,Serendipity-Sold,2015,"60 x 48 in
152.4 x 121.9 cm",https://datastore.artlogic.net/patriciaquallsgallery/images/view/medium/dfd9bcea61d2f30b5a4ed4ed50261359j.jpg,10000,,14999
68,57,Patricia Qualls,Life Passages- Sold,2017,"48 x 60 in
121.9 x 152.4 cm",https://datastore.artlogic.net/patriciaquallsgallery/images/view/medium/21c9803531d9fc0b35fa69044f34416ej.jpg,10000,,14999
67,54,Patricia Qualls,Square Peg Round Hole- Sold,,"60 x 48 in
152.4 x 121.9 cm",https://datastore.artlogic.net/patriciaquallsgallery/images/view/medium/b4abe35a63300e2298c248970943d7e6j.jpg,10000,,14999
66,42,Patricia Qualls,Precious Connections-Sold,2017,"48 x 60 in
121.9 x 152.4 cm",https://datastore.artlogic.net/patriciaquallsgallery/images/view/medium/f5117f4f58147081f541b954b917ae14j.jpg,10000,,14999
40,41,Patricia Qualls,"Being Curious, Sold",2012,"72 x 48 in
182.9 x 121.9 cm",https://datastore.artlogic.net/patriciaquallsgallery/images/view/medium/6f623ad35c262db5e4c1f2a144e0201fj.jpg,12500,,17999
34,50,Patricia Qualls,Under the Sea-Sold,2014,"72 x 48 in
182.9 x 121.9 cm",https://datastore.artlogic.net/patriciaquallsgallery/images/view/medium/e8a541e92d349e8be83667ea79a21040j.jpg,12500,,14999
33,46,Patricia Qualls,Love Heals: Passages,2017,"78 x 60 in
198.1 x 152.4 cm",https://datastore.artlogic.net/patriciaquallsgallery/images/view/medium/6289a82aa49ef7793bc5e5c1e1624f67j.jpg,13000,,15999
29,55,Patricia Qualls,Passages of an Open Heart,2017,"48 x 72 in
121.9 x 182.9 cm",https://datastore.artlogic.net/patriciaquallsgallery/images/view/medium/55dcaa483d86d2df3a0ccecb62128290j.jpg,11500,,14999
26,45,Patricia Qualls,Moving ThoughLife,2016,"60 x 72 in
152.4 x 182.9 cm",https://datastore.artlogic.net/patriciaquallsgallery/images/view/medium/c2cd7468170302cef1aa1ca69b8bf80cj.jpg,14000,,16999
11,36,Patricia Qualls,The World is Watching,2018,"60 x 78 in
152.4 x 198.1 cm",https://datastore.artlogic.net/patriciaquallsgallery/images/view/medium/7630b343ee1169eab9c792caee944fb4j.jpg,16500,,22999
9,49,Patricia Qualls,Insatiable Curiosity-Sold,2014,"60 x 83 in
152.4 x 210.8 cm",https://datastore.artlogic.net/patriciaquallsgallery/images/view/medium/17fb4df197c536d75cecf3022bbd3650j.jpg,17000,,19999
3,44,Patricia Qualls,Outside the Box Thinkers-Sold,2015,"84 x 66 in
213.4 x 167.6 cm",https://datastore.artlogic.net/patriciaquallsgallery/images/view/medium/f858694646083915f916953cad8621f4j.jpg,19000,,29999
132,33,Patricia Qualls,Landscape-Sold,2019,"40 x 30 in
101.6 x 76.2 cm",https://datastore.artlogic.net/patriciaquallsgallery/images/view/medium/1d52a11f578efff0e06ff31344be389cj.jpg,5500,,6999
131,35,Patricia Qualls,Valley Grace Series,2018,"40 x 30 in
101.6 x 76.2 cm",https://datastore.artlogic.net/patriciaquallsgallery/images/view/medium/725ed9cfa75602d88650bd88374ac75fj.jpg,5500,,6999
125,34,Patricia Qualls,Valley Grace Series,2018,"40 x 30 in
101.6 x 76.2 cm",https://datastore.artlogic.net/patriciaquallsgallery/images/view/medium/183deb209b66694ba8bbeab8ee1f3bebj.jpg,6500,,7999
94,31,Patricia Qualls,A Blessed Day - Carmel  River Beach Series #6,2018,"40 x 60 in
101.6 x 152.4 cm",https://datastore.artlogic.net/patriciaquallsgallery/images/view/medium/cc8acb41147684b649abafccdd291be2j.jpg,9500,,11999
127,30,Patricia Qualls,Valley Grace-Sold,2017,"40 x 30 in
101.6 x 76.2 cm",https://datastore.artlogic.net/patriciaquallsgallery/images/view/medium/a435798ebe810c741db7c3e5de33ea77j.jpg,6500,,7999
74,28,Patricia Qualls,Sunday Morning,2017,"48 x 72 in
121.9 x 182.9 cm",https://datastore.artlogic.net/patriciaquallsgallery/images/view/medium/4b89aa4c097396096ae56cec0f2f35eaj.jpg,10000,,12999
37,27,Patricia Qualls,Open Heart Open Mind,2018,"60 x 60 in
152.4 x 152.4 cm",https://datastore.artlogic.net/patriciaquallsgallery/images/view/medium/4ee22de4f30fd2a2ffd25117689464d9j.jpg,12500,,15999
36,26,Patricia Qualls,Tell Me a Story,2017,"48 x 72 in
121.9 x 182.9 cm",https://datastore.artlogic.net/patriciaquallsgallery/images/view/medium/489ef758f115985795f082d3145eb3daj.jpg,12500,,15999
35,25,Patricia Qualls,California Dream,,"48 x 72 in
121.9 x 182.9 cm",https://datastore.artlogic.net/patriciaquallsgallery/images/view/medium/1ab883f24841feb77b1122cbfb60168dj.jpg,12500,,15999
25,22,Patricia Qualls,Wall of Love,2017,"72 x 60 in
182.9 x 152.4 cm",https://datastore.artlogic.net/patriciaquallsgallery/images/view/medium/c96ac2d4b881b60a2bebc1843a527609j.jpg,14000,,19999
103,17,Patricia Qualls,Layers of Life,,"48 x 36 in
152.4 x 91.4 cm",https://datastore.artlogic.net/patriciaquallsgallery/images/view/medium/85d1dd3ab1d52c89491d2c4c7aaf70bej.jpg,7500,,9999
96,15,Patricia Qualls,Joy of Freedom,2016,"48 x 48 in
121.9 x 121.9 cm",https://datastore.artlogic.net/patriciaquallsgallery/images/view/medium/7e972ced8a5fe2746b24e26b53d04b46j.jpg,9500,,12999
71,16,Patricia Qualls,Joyful Chapters,2016,"48 x 60 in
121.9 x 152.4 cm",https://datastore.artlogic.net/patriciaquallsgallery/images/view/medium/a36e76ef52e96346ac4343f1f33fea94j.jpg,10000,,14999
70,14,Patricia Qualls,It's a Dream,2016,"36 x 72 in
91.4 x 182.9 cm",https://datastore.artlogic.net/patriciaquallsgallery/images/view/medium/dda86033c3248365716d3512dab97c3cj.jpg,9500,,11999
69,19,Patricia Qualls,Learning to Make Music,,"48 x 72 in
121.9 x 182.9 cm",https://datastore.artlogic.net/patriciaquallsgallery/images/view/medium/f846e1aaea48e13b39afc02e0d069732j.jpg,10000,,11999
58,18,Patricia Qualls,Layers,2017,"66 x 48 in
167.6 x 121.9 cm",https://datastore.artlogic.net/patriciaquallsgallery/images/view/medium/d402da0d2d5534d0cc2407935359ba69j.jpg,11500,,15999
13,20,Patricia Qualls,Lovers,2018,"71 x 66 in
180.3 x 167.6 cm",https://datastore.artlogic.net/patriciaquallsgallery/images/view/medium/4b453d5c4dc3a9ff26796dad79f0bf67j.jpg,14500,,24999
5,21,Patricia Qualls,Connections,2018,"108 x 72 in
274.3 x 182.9 cm",https://datastore.artlogic.net/patriciaquallsgallery/images/view/medium/03107f3bec47617610f45a8f5efeb22bj.jpg,16500,,19999
95,6,Patricia Qualls,Layers of Life & Sea,2018,"40 x 60 in
101.6 x 152.4 cm",https://datastore.artlogic.net/patriciaquallsgallery/images/view/medium/187e39efe001ae2aed6e5cb1e65d4295j.jpg,7600,,9999
73,11,Patricia Qualls,Genius Series,2015,"48 x 60 in
121.9 x 152.4 cm",https://datastore.artlogic.net/patriciaquallsgallery/images/view/medium/87a2706351c42a58091b93c2f3d4f473j.jpg,10000,,14999
72,9,Patricia Qualls,Cracking the Code,,"60 x 40 x 1 1/2 in
152.4 x 101.6 x 3.8 cm",https://datastore.artlogic.net/patriciaquallsgallery/images/view/medium/9aa525d5f68bfccd3116b33a78c46f73j.jpg,10000,,14999
57,8,Patricia Qualls,Compassion Grace and Goodness,2016,"48 x 66 in
121.9 x 167.6 cm",https://datastore.artlogic.net/patriciaquallsgallery/images/view/medium/8e307f4429e6d9ef5a74c0572efc2325j.jpg,11500,,14999
55,4,Patricia Qualls,Awashed with Grace-Sold,2017,"72 x 48 in
182.9 x 121.9 cm",https://datastore.artlogic.net/patriciaquallsgallery/images/view/medium/329230b875146a0d57b07ad9cb9efad9j.jpg,12000,,14999
20,5,Patricia Qualls,Blessings to the Children II,2018,"78 x 60 in
198.1 x 152.4 cm",https://datastore.artlogic.net/patriciaquallsgallery/images/view/medium/664989bb0f4928817fb421e5e6fcd8e3j.jpg,14900,,21999
19,7,Patricia Qualls,Chapters of Life,2018-Sold,"78 x 60 in
198.1 x 152.4 cm",https://datastore.artlogic.net/patriciaquallsgallery/images/view/medium/3964e6a5b91af466ca66d6b45d96c4cbj.jpg,15000,,19999
18,12,Patricia Qualls,Glacier- Sold,2018,"96 x 60 in
243.8 x 152.4 cm",https://datastore.artlogic.net/patriciaquallsgallery/images/view/medium/30aafbb66ce1f21481ab307c809e750aj.jpg,15000,,19999
2,13,Patricia Qualls,Goddess,2017,"100 x 50 in
254 x 127 cm",https://datastore.artlogic.net/patriciaquallsgallery/images/view/medium/47f6b43071ae4a5a7277718d8bced87fj.jpg,22000,,26999
100,193,Patricia Qualls,Another Mystical Day,2018,"48 x 48 in
121.9 x 121.9 cm",https://datastore.artlogic.net/patriciaquallsgallery/images/view/medium/462e017a4e93bd972842f70756dc6cb5j.jpg,9500,,11999
111,1,Patricia Qualls,Carmel Point River Mouth,2018,"40 x 40 in
101.6 x 101.6 cm",https://datastore.artlogic.net/patriciaquallsgallery/images/view/medium/91a07dc7eac3d2efa2ee07e329fbefbfj.jpg,8000,,9999
56,194,Patricia Qualls,Genius Series,2017,"48 x 72 in
121.9 x 182.9 cm",https://datastore.artlogic.net/patriciaquallsgallery/images/view/medium/d43abf1943ed6f2e60ad70e97adaa726j.jpg,11500,,15999
43,3,Patricia Qualls,Allowing Genius,2019,"60 x 60 in
152.4 x 152.4 cm",https://datastore.artlogic.net/patriciaquallsgallery/images/view/medium/2c2812d3c4cd8f0cb4ced29415b16addj.jpg,13500,,15999